Name,Parent,Primary,Secondary
Keyword,,,
buildings for lease,Buildings For Lease,480,0.87
commercial buildings for lease,Buildings For Lease,260,0.78
commercial building for lease,Buildings For Lease,210,0.83
industrial buildings for lease,Buildings For Lease,170,0.66
century city 15,Century City,390,0
fox plaza century city,Century City,170,0
office space chicago,Chicago Office,210,0.91
chicago office space,Chicago Office,170,0.92
office space for rent chicago,Chicago Office,110,0.94
commercial property for sale,Commercial Property,14800,0.59
commercial property for lease,Commercial Property,4400,0.66
commercial property,Commercial Property,2900,0.49
commercial property management,Commercial Property,2900,0.69
commercial properties for sale,Commercial Property,1000,0.72
commercial properties,Commercial Property,720,0.58
commercial rental property,Commercial Property,720,0.83
commercial property management companies,Commercial Property,590,0.83
commercial rentals,Commercial Property,590,0.68
buying commercial property,Commercial Property,480,0.47
commercial rental,Commercial Property,480,0.78
commercial property search,Commercial Property,390,0.57
commercial properties for lease,Commercial Property,320,0.69
buy commercial property,Commercial Property,320,0.65
commercial rental space,Commercial Property,320,0.84
commercial property listings,Commercial Property,260,0.84
lease commercial property,Commercial Property,170,0.7
commercial real estate rental,Commercial Property,170,0.68
commercial property lease,Commercial Property,140,0.7
commercial rental properties,Commercial Property,140,0.83
leasing commercial property,Commercial Property,110,0.55
commercial property rental,Commercial Property,110,0.67
commercial property sale,Commercial Property,90,0.45
coworking space,Coworking Space,1300,0.53
coworking office space,Coworking Space,110,0.79
shared office space,Coworking Space,1000,0.95
shopping center san diego,Diego Shopping,110,0.01
shopping centers in san diego,Diego Shopping,110,0.05
eastgate mall,Eastgate Mall,6600,0
eastgate mall san diego,Eastgate Mall,210,0.02
green office,Green Office,390,0.11
eco friendly building,Green Office,90,0.31
eco friendly buildings,Green Office,70,0.29
green office space,Green Office,20,0.41
eco friendly office,Green Office,20,0.09
green office building,Green Office,20,0.23
eco friendly office space,Green Office,10,1
green commercial space,Green Office,10,0
hyatt on wacker,Hyatt,390,0.02
hyatt wacker chicago,Hyatt,320,0.15
hyatt the loop chicago,Hyatt,320,0.09
hyatt center chicago,Hyatt,260,0.06
hyatt center,Hyatt,140,0
la jolla real estate,La Jolla,1900,0.75
la jolla university,La Jolla,260,0.03
la jolla village drive,La Jolla,260,0.01
la jolla ca real estate,La Jolla,210,0.6
real estate la jolla,La Jolla,140,0.7
la jolla california real estate,La Jolla,110,0.76
office building,Leasing Office,1900,0.13
office space for lease,Leasing Office,1300,0.94
leasing office,Leasing Office,720,0.29
office lease,Leasing Office,390,0.92
office space company,Leasing Office,390,0.2
office for lease,Leasing Office,320,0.89
lease office space,Leasing Office,210,0.94
office lease agreement,Leasing Office,210,0.91
office space lease,Leasing Office,170,0.92
leasing office space,Leasing Office,140,0.81
offices for lease,Leasing Office,140,0.88
office leasing,Leasing Office,90,0.87
medical office for lease,Leasing Office,90,0.59
fox plaza,Los Angeles,1300,0
coworking space los angeles,Los Angeles,320,0.61
office space los angeles,Los Angeles,210,0.94
fox plaza los angeles,Los Angeles,170,0
office space for rent los angeles,Los Angeles,140,0.93
los angeles office space,Los Angeles,110,0.89
office space downtown los angeles,Los Angeles,50,0.87
coworking space nyc,NYC Office,720,0.95
office space nyc,NYC Office,590,0.97
retail space for rent nyc,NYC Office,320,0.91
nyc office space,NYC Office,320,0.96
manhattan office space,NYC Office,260,0.94
office space for rent nyc,NYC Office,210,0.96
rent office space nyc,NYC Office,170,0.97
new york city office space,NYC Office,140,0.96
office space rental nyc,NYC Office,110,0.97
office space in nyc,NYC Office,90,0.96
manhattan office space for rent,NYC Office,90,0.88
midtown manhattan office space,NYC Office,70,0.91
new york city office space for rent,NYC Office,30,0.92
buildings for rent,Office For Rent,1300,0.71
commercial buildings for rent,Office For Rent,880,0.75
building for rent,Office For Rent,720,0.71
commercial building for rent,Office For Rent,260,0.74
industrial buildings for rent,Office For Rent,170,0.62
office buildings for rent,Office For Rent,140,0.95
office building for rent,Office For Rent,90,0.87
office space for rent,Office For Rent,4400,0.94
office for rent,Office For Rent,1000,0.95
offices for rent,Office For Rent,720,0.91
commercial space for rent,Office For Rent,1900,0.66
commercial property for rent,Office For Rent,1600,0.71
commercial real estate for rent,Office For Rent,720,0.77
commercial office space for rent,Office For Rent,480,0.84
commercial properties for rent,Office For Rent,480,0.67
commercial for rent,Office For Rent,320,0.69
rent commercial space,Office For Rent,210,0.68
commercial rent,Office For Rent,210,0.72
commercial spaces for rent,Office For Rent,170,0.79
renting commercial property,Office For Rent,90,0.47
find office space,Office Locator,140,0.84
office locator,Office Locator,90,0.08
office space finder,Office Locator,30,0.9
commercial real estate orange county,Orange County,210,0.59
real estate orange county,Orange County,210,0.64
orange county airport map,Orange County,170,0.03
orange county research center,Orange County,140,0.4
orange county office space,Orange County,50,0.92
office space for rent orange county,Orange County,50,0.99
san diego real estate,San Diego,9900,0.61
park plaza,San Diego,5400,0.01
wells fargo san diego,San Diego,1000,0
university town center san diego,San Diego,590,0.01
san diego realtors,San Diego,390,0.92
symphony towers,San Diego,390,0.03
san diego county property search,San Diego,320,0.06
symphony towers san diego,San Diego,320,0.04
wells fargo plaza,San Diego,320,0
one america plaza san diego,San Diego,260,0
san diego county real estate,San Diego,260,0.39
san diego realty,San Diego,260,0.76
one america plaza,San Diego,210,0
san diego real estate listings,San Diego,210,0.81
office space san diego,San Diego,210,0.94
america plaza san diego,San Diego,110,0
san diego realestate,San Diego,110,0.76
revlon san diego,San Diego,110,0.37
san diego office space,San Diego,110,0.95
office space san jose,San Jose,70,0.95
san jose office space,San Jose,50,0.95
sand canyon,Sand Canyon,590,0.03
great america parkway santa clara,Santa Clara,110,0
short term rentals,Short Term,2900,0.8
short term rental,Short Term,880,0.78
short term leases,Short Term,260,0.36
short term rent,Short Term,170,0.7
short term office space,Short Term,110,0.81
small office space for rent,Space Rental,880,0.94
temporary office space,Space Rental,480,0.86
rental space,Space Rental,390,0.72
space rental,Space Rental,320,0.71
office rental space,Space Rental,260,0.95
rental office space,Space Rental,210,0.93
studio rental space,Space Rental,140,0.44
furnished office space for rent,Space Rental,140,0.94
office space rentals,Space Rental,110,0.91
office space rental agency,Space Rental,110,0.6
industrial rental space,Space Rental,110,0.46
rental spaces,Space Rental,110,0.57
spectrum center,Spectrum Center,880,0.01
university research park,University Research Park,210,0
utc san diego,Utc,1900,0
utc shopping center,Utc,260,0.01
san diego utc,Utc,260,0.01
Buildings For Lease,Keyword,,
Century City,Keyword,,
Chicago Office,Keyword,,
Commercial Property,Keyword,,
Coworking Space,Keyword,,
Diego Shopping,Keyword,,
Eastgate Mall,Keyword,,
Green Office,Keyword,,
Hyatt,Keyword,,
La Jolla,Keyword,,
Leasing Office,Keyword,,
Los Angeles,Keyword,,
NYC Office,Keyword,,
Office For Rent,Keyword,,
Office Locator,Keyword,,
Orange County,Keyword,,
San Diego,Keyword,,
San Jose,Keyword,,
Sand Canyon,Keyword,,
Santa Clara,Keyword,,
Short Term,Keyword,,
Space Rental,Keyword,,
Spectrum Center,Keyword,,
University Research Park,Keyword,,
Utc,Keyword,,